Method,Job,AnalyzeLaunchVariance,EvaluateOverhead,MaxAbsoluteError,MaxRelativeError,MinInvokeCount,MinIterationTime,OutlierMode,Affinity,EnvironmentVariables,Jit,LargeAddressAware,Platform,PowerPlanMode,Runtime,AllowVeryLargeObjects,Concurrent,CpuGroups,Force,HeapAffinitizeMask,HeapCount,NoAffinitize,RetainVm,Server,Arguments,BuildConfiguration,Clock,EngineFactory,NuGetReferences,IsMutator,InvocationCount,IterationCount,IterationTime,LaunchCount,MaxIterationCount,MaxWarmupIterationCount,MemoryRandomization,MinIterationCount,MinWarmupIterationCount,RunStrategy,UnrollFactor,WarmupCount,Mean,Error,StdDev,Median,Ratio,RatioSD,Gen0,Allocated,Alloc Ratio
DirectVersionComparison,.NET 10.0,False,Default,Default,Default,Default,Default,Default,1111,Empty,RyuJit,Default,X64,8c5e7fda-e8bf-4a96-9a85-a6e23a8c635c,.NET 10.0,False,True,False,True,Default,Default,False,False,False,Default,Default,Default,Default,Default,Default,Default,Default,Default,Default,Default,Default,Default,Default,Default,Default,16,Default,0.0017 ns,0.0035 ns,0.0033 ns,0.0000 ns,?,?,0.0000,0 B,?
CheckerCheckVersion,.NET 10.0,False,Default,Default,Default,Default,Default,Default,1111,Empty,RyuJit,Default,X64,8c5e7fda-e8bf-4a96-9a85-a6e23a8c635c,.NET 10.0,False,True,False,True,Default,Default,False,False,False,Default,Default,Default,Default,Default,Default,Default,Default,Default,Default,Default,Default,Default,Default,Default,Default,16,Default,0.2740 ns,0.0021 ns,0.0017 ns,0.2736 ns,?,?,0.0000,0 B,?
CheckerCheckToken,.NET 10.0,False,Default,Default,Default,Default,Default,Default,1111,Empty,RyuJit,Default,X64,8c5e7fda-e8bf-4a96-9a85-a6e23a8c635c,.NET 10.0,False,True,False,True,Default,Default,False,False,False,Default,Default,Default,Default,Default,Default,Default,Default,Default,Default,Default,Default,Default,Default,Default,Default,16,Default,18.2191 ns,0.3640 ns,0.3405 ns,18.3029 ns,?,?,0.0038,64 B,?
ControllerExecuteCasAsync,.NET 10.0,False,Default,Default,Default,Default,Default,Default,1111,Empty,RyuJit,Default,X64,8c5e7fda-e8bf-4a96-9a85-a6e23a8c635c,.NET 10.0,False,True,False,True,Default,Default,False,False,False,Default,Default,Default,Default,Default,Default,Default,Default,Default,Default,Default,Default,Default,Default,Default,Default,16,Default,156.5198 ns,0.1203 ns,0.1125 ns,156.5326 ns,?,?,0.0000,0 B,?
ResultConversion,.NET 10.0,False,Default,Default,Default,Default,Default,Default,1111,Empty,RyuJit,Default,X64,8c5e7fda-e8bf-4a96-9a85-a6e23a8c635c,.NET 10.0,False,True,False,True,Default,Default,False,False,False,Default,Default,Default,Default,Default,Default,Default,Default,Default,Default,Default,Default,Default,Default,Default,Default,16,Default,3.1047 ns,0.0667 ns,0.1132 ns,3.0415 ns,?,?,0.0000,0 B,?
DirectVersionComparison,.NET 8.0,False,Default,Default,Default,Default,Default,Default,1111,Empty,RyuJit,Default,X64,8c5e7fda-e8bf-4a96-9a85-a6e23a8c635c,.NET 8.0,False,True,False,True,Default,Default,False,False,False,Default,Default,Default,Default,Default,Default,Default,Default,Default,Default,Default,Default,Default,Default,Default,Default,16,Default,NA,NA,NA,NA,?,?,NA,NA,?
CheckerCheckVersion,.NET 8.0,False,Default,Default,Default,Default,Default,Default,1111,Empty,RyuJit,Default,X64,8c5e7fda-e8bf-4a96-9a85-a6e23a8c635c,.NET 8.0,False,True,False,True,Default,Default,False,False,False,Default,Default,Default,Default,Default,Default,Default,Default,Default,Default,Default,Default,Default,Default,Default,Default,16,Default,NA,NA,NA,NA,?,?,NA,NA,?
CheckerCheckToken,.NET 8.0,False,Default,Default,Default,Default,Default,Default,1111,Empty,RyuJit,Default,X64,8c5e7fda-e8bf-4a96-9a85-a6e23a8c635c,.NET 8.0,False,True,False,True,Default,Default,False,False,False,Default,Default,Default,Default,Default,Default,Default,Default,Default,Default,Default,Default,Default,Default,Default,Default,16,Default,NA,NA,NA,NA,?,?,NA,NA,?
ControllerExecuteCasAsync,.NET 8.0,False,Default,Default,Default,Default,Default,Default,1111,Empty,RyuJit,Default,X64,8c5e7fda-e8bf-4a96-9a85-a6e23a8c635c,.NET 8.0,False,True,False,True,Default,Default,False,False,False,Default,Default,Default,Default,Default,Default,Default,Default,Default,Default,Default,Default,Default,Default,Default,Default,16,Default,NA,NA,NA,NA,?,?,NA,NA,?
ResultConversion,.NET 8.0,False,Default,Default,Default,Default,Default,Default,1111,Empty,RyuJit,Default,X64,8c5e7fda-e8bf-4a96-9a85-a6e23a8c635c,.NET 8.0,False,True,False,True,Default,Default,False,False,False,Default,Default,Default,Default,Default,Default,Default,Default,Default,Default,Default,Default,Default,Default,Default,Default,16,Default,NA,NA,NA,NA,?,?,NA,NA,?
DirectVersionComparison,.NET 9.0,False,Default,Default,Default,Default,Default,Default,1111,Empty,RyuJit,Default,X64,8c5e7fda-e8bf-4a96-9a85-a6e23a8c635c,.NET 9.0,False,True,False,True,Default,Default,False,False,False,Default,Default,Default,Default,Default,Default,Default,Default,Default,Default,Default,Default,Default,Default,Default,Default,16,Default,NA,NA,NA,NA,?,?,NA,NA,?
CheckerCheckVersion,.NET 9.0,False,Default,Default,Default,Default,Default,Default,1111,Empty,RyuJit,Default,X64,8c5e7fda-e8bf-4a96-9a85-a6e23a8c635c,.NET 9.0,False,True,False,True,Default,Default,False,False,False,Default,Default,Default,Default,Default,Default,Default,Default,Default,Default,Default,Default,Default,Default,Default,Default,16,Default,NA,NA,NA,NA,?,?,NA,NA,?
CheckerCheckToken,.NET 9.0,False,Default,Default,Default,Default,Default,Default,1111,Empty,RyuJit,Default,X64,8c5e7fda-e8bf-4a96-9a85-a6e23a8c635c,.NET 9.0,False,True,False,True,Default,Default,False,False,False,Default,Default,Default,Default,Default,Default,Default,Default,Default,Default,Default,Default,Default,Default,Default,Default,16,Default,NA,NA,NA,NA,?,?,NA,NA,?
ControllerExecuteCasAsync,.NET 9.0,False,Default,Default,Default,Default,Default,Default,1111,Empty,RyuJit,Default,X64,8c5e7fda-e8bf-4a96-9a85-a6e23a8c635c,.NET 9.0,False,True,False,True,Default,Default,False,False,False,Default,Default,Default,Default,Default,Default,Default,Default,Default,Default,Default,Default,Default,Default,Default,Default,16,Default,NA,NA,NA,NA,?,?,NA,NA,?
ResultConversion,.NET 9.0,False,Default,Default,Default,Default,Default,Default,1111,Empty,RyuJit,Default,X64,8c5e7fda-e8bf-4a96-9a85-a6e23a8c635c,.NET 9.0,False,True,False,True,Default,Default,False,False,False,Default,Default,Default,Default,Default,Default,Default,Default,Default,Default,Default,Default,Default,Default,Default,Default,16,Default,NA,NA,NA,NA,?,?,NA,NA,?
